INSERT INTO SquidGameMS.users (id, balance, birthday, created_at, email, first_name, last_name, password, profile_photo, role, sex, status, updated_at) VALUES (23, null, '1998-06-01 03:00:00.000000', 1763625759695, 'gelmar.imperion@vip.realm', 'Архонт', 'Гелмар Імперіон', '$2a$12$.r.Ayn9WRHLLDaSPzfG4i.13tURCXH7OwI853i3Nz.N7cPMPNPOGC', 'none', 'VIP', 'MALE', 'ALIVE', 1763625759695);
INSERT INTO SquidGameMS.users (id, balance, birthday, created_at, email, first_name, last_name, password, profile_photo, role, sex, status, updated_at) VALUES (24, null, '1998-03-02 02:00:00.000000', 1763625789595, 'malikron.tyragos@vip.circle', 'Малікрон', 'Тираґос ІІІ', '$2a$12$BWoRbsYYa3ttU9bovyq2RuwW0Cv2PwC2jzArh1z8Lbs17NCv1L8Vy', 'none', 'VIP', 'MALE', 'ALIVE', 1763625789595);
INSERT INTO SquidGameMS.users (id, balance, birthday, created_at, email, first_name, last_name, password, profile_photo, role, sex, status, updated_at) VALUES (25, null, '1998-05-04 03:00:00.000000', 1763625836817, 'v.skamann@vip.court', 'Валеріус', 'фон Скарманн', '$2a$12$suusA0P499KWz0spNoHJJOYSliIf0twKJGByRd4K5lLa4J8tmvvK6', 'none', 'VIP', 'MALE', 'ALIVE', 1763625836817);
INSERT INTO SquidGameMS.users (id, balance, birthday, created_at, email, first_name, last_name, password, profile_photo, role, sex, status, updated_at) VALUES (26, null, '1997-03-05 02:00:00.000000', 1763625871809, 'dragorius.entel@vip.order', 'Прелат', 'Драґоріус Ентель', '$2a$12$WqQHcWql3GFpsLtb0uCJUuj./SCN3BPs8EUyUs4S8QDLWJYcGHGdW', 'none', 'VIP', 'MALE', 'ALIVE', 1763625871809);
INSERT INTO SquidGameMS.users (id, balance, birthday, created_at, email, first_name, last_name, password, profile_photo, role, sex, status, updated_at) VALUES (27, null, '1999-03-05 02:00:00.000000', 1763625901833, 'saturnin.calder@vip.sovereign', 'Сатурнін', 'Жорстофер Кальдер', '$2a$12$aCP9zET92.CMHVjB6rgQrO4q7BXNnibmzamcQfYOlDcJOS8LgAhXi', 'none', 'VIP', 'MALE', 'ALIVE', 1763625901833);
INSERT INTO SquidGameMS.users (id, balance, birthday, created_at, email, first_name, last_name, password, profile_photo, role, sex, status, updated_at) VALUES (28, null, '2005-03-01 02:00:00.000000', 1763625986422, 'remi.blend@host.command', 'Ремі', 'Корсаріо Бленд', '$2a$12$GiJrvWSHI6zyrQySc4OWa.2FWnP5VQnYSNpvNsrerP8FKVLQZSKnq', 'https://onlyfans.com/remi-blend/exclusive/photos/28924_02_02_2025.jpeg', 'HOST', 'FEMALE', 'ALIVE', 1763625986422);
INSERT INTO SquidGameMS.users (id, balance, birthday, created_at, email, first_name, last_name, password, profile_photo, role, sex, status, updated_at) VALUES (29, null, '1985-12-19 03:00:00.000000', 1763626027527, 'a.monterran@host.master', 'Авгус', 'Монтерран Келіґрам', '$2a$12$PBocpe9BbC//P9X2dhCBaOBwsZoxbLD81mH0aADOncpFb9hYj/9Ce', 'none', 'HOST', 'MALE', 'ALIVE', 1763626027527);
INSERT INTO SquidGameMS.users (id, balance, birthday, created_at, email, first_name, last_name, password, profile_photo, role, sex, status, updated_at) VALUES (30, null, '2009-02-10 02:00:00.000000', 1763626396280, 'norvel.krasten@front.control', 'Норвел', 'Крастен', '$2a$12$c.JdDGK.xf0bkLpOQVFgnuI1DR/5ZuznzXycwYU.xLxGU8n8ojK1G', 'none', 'FRONTMAN', 'FEMALE', 'ALIVE', 1763626396280);
INSERT INTO SquidGameMS.users (id, balance, birthday, created_at, email, first_name, last_name, password, profile_photo, role, sex, status, updated_at) VALUES (31, null, '1999-09-09 03:00:00.000000', 1763626476977, 'cires.valdek@front.ops', 'Сірен', 'Вальдек', '$2a$12$S14iX/KSAsKaV3467mkEUulKj9qnTuxgwiEJxMVFKwwyvLl3MlFIW', 'none', 'FRONTMAN', 'MALE', 'ALIVE', 1763626476977);
INSERT INTO SquidGameMS.users (id, balance, birthday, created_at, email, first_name, last_name, password, profile_photo, role, sex, status, updated_at) VALUES (32, null, '2009-01-01 02:00:00.000000', 1763626681326, 'kenneth.brolly@salesman.branch', 'Каннет', 'Броллі', '$2a$12$EV1hYOpDDkzlJJ1X3niCIO81z1/GktDqhGB3Q23A6cjweEnEy8fV6', 'none', 'SALESMAN', 'FEMALE', 'ALIVE', 1763626681326);
INSERT INTO SquidGameMS.users (id, balance, birthday, created_at, email, first_name, last_name, password, profile_photo, role, sex, status, updated_at) VALUES (33, null, '2011-12-19 02:00:00.000000', 1763626783771, 'derek.fiden@salesman.deck', 'Дерек', 'Файден', '$2a$12$bXI3oI.1LsUIB1vq2w7PrOxi.onEyssouQSzXWkRlRoeAG66mh7Fa', 'none', 'SALESMAN', 'MALE', 'ALIVE', 1763626783771);
INSERT INTO SquidGameMS.users (id, balance, birthday, created_at, email, first_name, last_name, password, profile_photo, role, sex, status, updated_at) VALUES (34, null, '2003-02-22 02:00:00.000000', 1763626947875, 'mason.credglenn@player.pool', 'Мейсон', 'Кредґленн', '$2a$12$E5P36gUkC8FIqpo.hUM53.Urx3YcYv/j0VGIi9DnJHM8QOUyphv6K', 'none', 'PLAYER', 'FEMALE', 'ALIVE', 1763626947875);
INSERT INTO SquidGameMS.users (id, balance, birthday, created_at, email, first_name, last_name, password, profile_photo, role, sex, status, updated_at) VALUES (35, null, '1890-12-10 02:00:00.000000', 1763627442863, 'zhanna.milltor@player.zone', 'Жанна', 'Міллтон', '$2a$12$D65aGTCHUVWjjVUvkEvGBe8cpKxK362fgUF2ssMh0NjU5gGVjM4Y2', 'none', 'PLAYER', 'MALE', 'ALIVE', 1763627442863);
INSERT INTO SquidGameMS.users (id, balance, birthday, created_at, email, first_name, last_name, password, profile_photo, role, sex, status, updated_at) VALUES (36, null, '2004-12-05 02:00:00.000000', 1763627515875, 'oscar.trummin@player.run', 'Оскар', 'Труммін', '$2a$12$LcQnRxEnlSiGU2/jACrvAu.QqaUfw1Hg3Op7rldHXAjVokXlzoZ5e', 'none', 'PLAYER', 'MALE', 'ALIVE', 1763627515875);
INSERT INTO SquidGameMS.users (id, balance, birthday, created_at, email, first_name, last_name, password, profile_photo, role, sex, status, updated_at) VALUES (37, null, '1997-09-07 03:00:00.000000', 1763627547100, 'elly.corans@player.debt', 'Еллі', 'Коранс', '$2a$12$Tc0L26bi99GYjlPtjXfQa.mEm8fyzYh/5WaB7XJaRIwcffvVAcqZG', 'none', 'PLAYER', 'FEMALE', 'ALIVE', 1763627547100);
INSERT INTO SquidGameMS.users (id, balance, birthday, created_at, email, first_name, last_name, password, profile_photo, role, sex, status, updated_at) VALUES (38, null, '1966-06-06 03:00:00.000000', 1763627572020, 'zek.sharden@player.track', 'Зек', 'Шарден', '$2a$12$IksqEGyVf1eLy1BNJWNeZONhIqEokI5/joxM5R0u7EhiYIGlfEfsK', 'none', 'PLAYER', 'MALE', 'ALIVE', 1763627572020);
INSERT INTO SquidGameMS.users (id, balance, birthday, created_at, email, first_name, last_name, password, profile_photo, role, sex, status, updated_at) VALUES (39, null, '2003-03-10 02:00:00.000000', 1763627719112, 'tikki.blyden@worker.floor', 'Тіккі', 'Блайден', '$2a$12$b13ipquT84stX0UFRg7Yn.pQt..dVU/CBnIn8DBDN/.sylxDdPV.O', 'none', 'WORKER', 'MALE', 'ALIVE', 1763627719112);

INSERT INTO SquidGameMS.ref_codes (ref_code, user_id) VALUES ('8J4wEW41', 32);
INSERT INTO SquidGameMS.ref_codes (ref_code, user_id) VALUES ('KmXCbEAT', 33);

INSERT INTO SquidGameMS.recruitment_logs (id, created_at, user_id, ref_code) VALUES (11, 1763626948357, 34, '8J4wEW41');
INSERT INTO SquidGameMS.recruitment_logs (id, created_at, user_id, ref_code) VALUES (12, 1763627443317, 35, '8J4wEW41');
INSERT INTO SquidGameMS.recruitment_logs (id, created_at, user_id, ref_code) VALUES (13, 1763627516333, 36, '8J4wEW41');
INSERT INTO SquidGameMS.recruitment_logs (id, created_at, user_id, ref_code) VALUES (14, 1763627547597, 37, '8J4wEW41');
INSERT INTO SquidGameMS.recruitment_logs (id, created_at, user_id, ref_code) VALUES (15, 1763627572552, 38, '8J4wEW41');


INSERT INTO SquidGameMS.job_offers (token, created_at, email, lobby_id, offer_status, role, updated_at, offered_by_id) VALUES (0x04F44C9531E54238A3C6D8DCB7C6E662, 1763626436665, 'cires.valdek@front.ops', 29, 'ACCEPTED', 'FRONTMAN', 1763626477453, 29);
INSERT INTO SquidGameMS.job_offers (token, created_at, email, lobby_id, offer_status, role, updated_at, offered_by_id) VALUES (0x5CA3EEDA5A984D0E8440454B0D174D27, 1763626636230, 'kenneth.brolly@salesman.branch', 28, 'ACCEPTED', 'SALESMAN', 1763626681789, 28);
INSERT INTO SquidGameMS.job_offers (token, created_at, email, lobby_id, offer_status, role, updated_at, offered_by_id) VALUES (0x66FF8458E697416DB5E0D3F5C3E56443, 1763627668233, 'tikki.blyden@worker.floor', 28, 'ACCEPTED', 'WORKER', 1763627719568, 30);
INSERT INTO SquidGameMS.job_offers (token, created_at, email, lobby_id, offer_status, role, updated_at, offered_by_id) VALUES (0x741E5E94D4B94F2DAFDB080E1CABF7CC, 1763626229748, 'norvel.krasten@front.control', 28, 'ACCEPTED', 'FRONTMAN', 1763626396738, 28);
INSERT INTO SquidGameMS.job_offers (token, created_at, email, lobby_id, offer_status, role, updated_at, offered_by_id) VALUES (0xAF00EBEA1B5840FFA66888DAF7AE422B, 1763626731608, 'derek.fiden@salesman.deck', 28, 'ACCEPTED', 'SALESMAN', 1763626784246, 28);


INSERT INTO SquidGameMS.assignments (id, assigned_at, env, env_id, assigned_by, user_id) VALUES (802, 1763625986898, 'LOBBY', 28, null, 28);
INSERT INTO SquidGameMS.assignments (id, assigned_at, env, env_id, assigned_by, user_id) VALUES (803, 1763626027984, 'LOBBY', 29, null, 29);
INSERT INTO SquidGameMS.assignments (id, assigned_at, env, env_id, assigned_by, user_id) VALUES (804, 1763626396738, 'LOBBY', 28, null, 30);
INSERT INTO SquidGameMS.assignments (id, assigned_at, env, env_id, assigned_by, user_id) VALUES (805, 1763626477452, 'LOBBY', 29, null, 31);
INSERT INTO SquidGameMS.assignments (id, assigned_at, env, env_id, assigned_by, user_id) VALUES (806, 1763626681789, 'LOBBY', 28, null, 32);
INSERT INTO SquidGameMS.assignments (id, assigned_at, env, env_id, assigned_by, user_id) VALUES (807, 1763626784246, 'LOBBY', 28, null, 33);
INSERT INTO SquidGameMS.assignments (id, assigned_at, env, env_id, assigned_by, user_id) VALUES (808, 1763626948373, 'LOBBY', 28, null, 34);
INSERT INTO SquidGameMS.assignments (id, assigned_at, env, env_id, assigned_by, user_id) VALUES (809, 1763627443320, 'LOBBY', 28, null, 35);
INSERT INTO SquidGameMS.assignments (id, assigned_at, env, env_id, assigned_by, user_id) VALUES (810, 1763627516335, 'LOBBY', 28, null, 36);
INSERT INTO SquidGameMS.assignments (id, assigned_at, env, env_id, assigned_by, user_id) VALUES (811, 1763627547600, 'LOBBY', 28, null, 37);
INSERT INTO SquidGameMS.assignments (id, assigned_at, env, env_id, assigned_by, user_id) VALUES (812, 1763627572554, 'LOBBY', 28, null, 38);
INSERT INTO SquidGameMS.assignments (id, assigned_at, env, env_id, assigned_by, user_id) VALUES (813, 1763627719568, 'LOBBY', 28, null, 39);


INSERT INTO SquidGameMS.assignments_seq (next_val) VALUES (901);


INSERT INTO SquidGameMS.games (id, created_at, description, game_duration, game_title, updated_at, created_by) VALUES (1, 1762466856588, 'Двоє фіналістів борються на майданчику, поділеному на зони у формі кальмара. Один атакує, інший захищається; щоб перемогти, треба дістатися до центру або вибити суперника.', 61, 'Кінцева гра (Кальмар)', 1762466856588, 28);
INSERT INTO SquidGameMS.games (id, created_at, description, game_duration, game_title, updated_at, created_by) VALUES (2, 1762466951395, 'Гравці рухаються до фінішу, коли лялька оголошує \'зелене світло\', і повинні миттєво зупинитися на \'червоне світло\'. Будь-який рух під час зупинки призводить до вибуття.', 17, 'Червоне світло, зелене світло', 1762466951395, 28);
INSERT INTO SquidGameMS.games (id, created_at, description, game_duration, game_title, updated_at, created_by) VALUES (3, 1762466958263, 'Гравці отримують цукрову плитку з фігуркою, яку потрібно акуратно вирізати, не зламавши її. Найменша тріщина веде до дискваліфікації.', 34, 'Цукрові фігурки (Дальгона)', 1762466958263, 28);
INSERT INTO SquidGameMS.games (id, created_at, description, game_duration, game_title, updated_at, created_by) VALUES (4, 1762466963080, 'Дві команди стоять на платформі й тягнуть канат у протилежні боки. Програє команда, яка падає з платформи.', 22, 'Перетягування канату', 1762466963080, 28);
INSERT INTO SquidGameMS.games (id, created_at, description, game_duration, game_title, updated_at, created_by) VALUES (5, 1762466968525, 'Гравці по черзі крокують по рядах скляних панелей, де лише одна з двох витримує вагу. Помилковий вибір призводить до падіння.', 47, 'Скляний міст', 1762466968525, 28);
INSERT INTO SquidGameMS.games (id, created_at, description, game_duration, game_title, updated_at, created_by) VALUES (6, 1762466971942, 'Гравці отримують по 10 кульок і повинні виграти всі кульки супротивника будь-яким способом за домовленими правилами (парне/непарне, відстань тощо).', 29, 'Кульки', 1762466971942, 28);
INSERT INTO SquidGameMS.games (id, created_at, description, game_duration, game_title, updated_at, created_by) VALUES (7, 1762466986772, 'Гравці по черзі стрибають по малюнку на землі за певним маршрутом, не наступаючи за межі ліній. Програє той, хто втрачає рівновагу або порушує правила.', 12, 'Сквирт-гопак', 1762466986772, 28);


INSERT INTO SquidGameMS.competitions (id, created_at, current_round_id, lobby_id, status, title, updated_at, created_by) VALUES (11, 1763627933755, null, 28, 'PENDING', 'Protocol of Final Selection', 1763627933755, 28);
INSERT INTO SquidGameMS.competitions (id, created_at, current_round_id, lobby_id, status, title, updated_at, created_by) VALUES (12, 1763627943426, null, 28, 'PENDING', 'Elimination Cycle Program', 1763627943426, 28);
